{
    "name":"CylinderGeometry",
    "uvs":[],
    "vertices":[-0.009569,0.83539,-0.150426,-0.009569,2.83539,-0.150426,0.00994,0.83539,-0.147966,0.00994,2.83539,-0.147967,0.0287,0.83539,-0.140683,0.0287,2.83539,-0.140683,0.045988,0.83539,-0.128854,0.045988,2.83539,-0.128854,0.061142,0.83539,-0.112936,0.061142,2.83539,-0.112936,0.073578,0.83539,-0.093539,0.073578,2.83539,-0.093539,0.082819,0.83539,-0.071409,0.082819,2.83539,-0.07141,0.08851,0.83539,-0.047398,0.08851,2.83539,-0.047398,0.090431,0.83539,-0.022426,0.090431,2.83539,-0.022426,0.08851,0.83539,0.002546,0.08851,2.83539,0.002545,0.082819,0.83539,0.026557,0.082819,2.83539,0.026557,0.073578,0.83539,0.048687,0.073578,2.83539,0.048687,0.061142,0.83539,0.068084,0.061142,2.83539,0.068084,0.045988,0.83539,0.084002,0.045988,2.83539,0.084002,0.0287,0.83539,0.095831,0.0287,2.83539,0.095831,0.00994,0.83539,0.103115,0.00994,2.83539,0.103114,-0.009569,0.83539,0.105574,-0.009569,2.83539,0.105574,-0.029078,0.83539,0.103115,-0.029078,2.83539,0.103114,-0.047837,0.83539,0.095831,-0.047837,2.83539,0.09583,-0.065126,0.83539,0.084002,-0.065126,2.83539,0.084002,-0.08028,0.83539,0.068084,-0.08028,2.83539,0.068084,-0.092716,0.83539,0.048687,-0.092716,2.83539,0.048687,-0.101957,0.83539,0.026557,-0.101957,2.83539,0.026557,-0.107647,0.83539,0.002545,-0.107647,2.83539,0.002545,-0.109569,0.83539,-0.022426,-0.109569,2.83539,-0.022426,-0.107647,0.83539,-0.047398,-0.107647,2.83539,-0.047398,-0.101957,0.83539,-0.07141,-0.101957,2.83539,-0.07141,-0.092716,0.83539,-0.093539,-0.092716,2.83539,-0.093539,-0.080279,0.83539,-0.112936,-0.080279,2.83539,-0.112936,-0.065126,0.83539,-0.128854,-0.065126,2.83539,-0.128854,-0.047837,0.83539,-0.140683,-0.047837,2.83539,-0.140683,-0.029078,0.83539,-0.147967,-0.029078,2.83539,-0.147967],
    "normals":[0.125079,-0.992147,0,0.361956,-0.932195,0,0.564664,-0.825321,0,0.724291,-0.689494,0,0.84183,-0.539743,0,0.922775,-0.385339,0,0.973048,-0.230602,0,0.997053,-0.07672,0,0.997053,0.076719,-0,0.973048,0.230602,-0,0.922775,0.385339,-0,0.84183,0.539743,-0,0.724292,0.689494,-0,0.564664,0.825321,-0,0.361955,0.932195,-0,0.125079,0.992147,-0,-0.12508,0.992147,-0,-0.361957,0.932195,-0,-0.564664,0.825321,-0,-0.724292,0.689493,-0,-0.84183,0.539743,-0,-0.922775,0.385338,-0,-0.973048,0.230601,-0,-0.997053,0.076719,-0,-0.997053,-0.07672,0,-0.973048,-0.230604,0,-0.922775,-0.385339,0,-0.841829,-0.539744,0,-0.724291,-0.689495,0,-0.564662,-0.825322,0,0,-0,-1,0,0,-1,0,0,-1,-0,0,-1,-0,0,-1,0,-0,-1,-0.125078,-0.992147,0,-0.361954,-0.932196,0,0,0,1,0,0,1,0,-0,1],
    "faces":[33,0,1,3,2,0,0,0,0,33,2,3,5,4,1,1,1,1,33,4,5,7,6,2,2,2,2,33,6,7,9,8,3,3,3,3,33,8,9,11,10,4,4,4,4,33,10,11,13,12,5,5,5,5,33,12,13,15,14,6,6,6,6,33,14,15,17,16,7,7,7,7,33,16,17,19,18,8,8,8,8,33,18,19,21,20,9,9,9,9,33,20,21,23,22,10,10,10,10,33,22,23,25,24,11,11,11,11,33,24,25,27,26,12,12,12,12,33,26,27,29,28,13,13,13,13,33,28,29,31,30,14,14,14,14,33,30,31,33,32,15,15,15,15,33,32,33,35,34,16,16,16,16,33,34,35,37,36,17,17,17,17,33,36,37,39,38,18,18,18,18,33,38,39,41,40,19,19,19,19,33,40,41,43,42,20,20,20,20,33,42,43,45,44,21,21,21,21,33,44,45,47,46,22,22,22,22,33,46,47,49,48,23,23,23,23,33,48,49,51,50,24,24,24,24,33,50,51,53,52,25,25,25,25,33,52,53,55,54,26,26,26,26,33,54,55,57,56,27,27,27,27,33,56,57,59,58,28,28,28,28,33,58,59,61,60,29,29,29,29,32,3,7,5,30,30,30,32,11,9,7,31,31,31,32,15,13,11,32,32,32,32,19,17,15,30,30,30,32,23,21,19,31,31,31,32,27,25,23,31,31,31,32,31,29,27,32,32,32,32,35,33,31,31,31,31,32,39,37,35,32,32,32,32,43,41,39,31,31,31,32,47,45,43,31,31,31,32,51,49,47,31,31,31,32,55,53,51,31,31,31,32,59,57,55,31,31,31,32,63,61,59,32,32,32,32,3,1,63,33,33,33,32,3,11,7,30,30,30,32,19,15,11,31,31,31,32,27,23,19,31,31,31,32,35,31,27,31,31,31,32,43,39,35,32,32,32,32,51,47,43,31,31,31,32,59,55,51,32,32,32,32,3,63,59,34,34,34,32,3,19,11,35,35,35,32,35,27,19,31,31,31,32,51,43,35,31,31,31,32,3,59,51,31,31,31,32,3,35,19,31,31,31,32,3,51,35,31,31,31,33,1,0,62,63,36,36,36,36,33,60,61,63,62,37,37,37,37,32,0,60,62,38,38,38,32,56,58,60,38,38,38,32,52,54,56,38,38,38,32,48,50,52,38,38,38,32,44,46,48,38,38,38,32,40,42,44,38,38,38,32,36,38,40,39,39,39,32,32,34,36,38,38,38,32,28,30,32,39,39,39,32,24,26,28,38,38,38,32,20,22,24,38,38,38,32,16,18,20,38,38,38,32,12,14,16,38,38,38,32,8,10,12,38,38,38,32,4,6,8,39,39,39,32,0,2,4,38,38,38,32,0,56,60,38,38,38,32,48,52,56,38,38,38,32,40,44,48,38,38,38,32,32,36,40,38,38,38,32,24,28,32,38,38,38,32,16,20,24,39,39,39,32,8,12,16,38,38,38,32,0,4,8,38,38,38,32,0,48,56,38,38,38,32,32,40,48,38,38,38,32,16,24,32,38,38,38,32,0,8,16,38,38,38,32,0,32,48,38,38,38,32,0,16,32,40,40,40],
    "metadata":{
        "faces":92,
        "generator":"io_three",
        "version":3,
        "vertices":64,
        "normals":41,
        "uvs":0,
        "type":"Geometry"
    }
}